{
  "Random Forest": {
    "best_params": {
      "regressor__max_depth": 10,
      "regressor__min_samples_leaf": 1,
      "regressor__min_samples_split": 2,
      "regressor__n_estimators": 300
    },
    "cv_rmse_mean": 421.3005835745679,
    "cv_rmse_std": 78.42589722970305,
    "test_rmse": 306.61962910832284,
    "test_mae": 221.9053044795669,
    "test_r2": 0.6969233987859565,
    "cv_scores": [
      -140131.1250431071,
      -195778.1621331903,
      -186656.33615160664,
      -299074.82040096103,
      -96583.57165391203
    ],
    "predictions": [
      1070.847994746304,
      1858.561451970505,
      1317.1673630257385,
      1259.1849423973597,
      1286.3437264907525,
      1784.6249380513746,
      1457.818183531747,
      1124.0932708919704,
      1070.847994746304,
      1322.5564896393284,
      2040.387063020408,
      796.6330262991617,
      1171.1783495467212,
      1055.5953540611215,
      1360.3197647639283,
      1735.8318676450929,
      1151.9549227302502,
      419.3700640386045,
      1485.4907998314243,
      724.2102617378303,
      1470.3047220381804,
      1016.4032204354199,
      1044.386988963096,
      1890.6995037629342,
      1032.8412097415871,
      969.6818342252318,
      1240.936424293183,
      1171.1783495467212,
      1299.681688007396,
      1013.9085284392723,
      1021.105672749473,
      1311.4329108093295,
      1900.7254270192825,
      1356.2344320552252,
      1767.3662929033367,
      1037.170575422455,
      400.3934893276063,
      529.7804529307962,
      1664.8133647594036,
      1175.6873149398707,
      819.7992207436063,
      1015.6186214760953,
      1922.9679729495256,
      1389.0090273280175,
      2391.3650841750846,
      947.0882913752702,
      1155.2827171893916,
      736.4761711495744,
      591.4639828704798,
      1312.6128943006597,
      1390.511013860004,
      980.7356135723305,
      1504.3768643756828,
      764.3541967777555,
      1132.2358343840342,
      972.9391866168306,
      1155.2827171893916,
      395.319067956713,
      208.6291655543141,
      537.7671329808957,
      1066.3327616341312
    ]
  },
  "SVR": {
    "best_params": {
      "regressor__C": 100,
      "regressor__epsilon": 0.2,
      "regressor__gamma": "scale"
    },
    "cv_rmse_mean": 559.7659165485954,
    "cv_rmse_std": 46.63194521593212,
    "test_rmse": 460.2664149281605,
    "test_mae": 347.24363418384803,
    "test_r2": 0.3170780486576774,
    "cv_scores": [
      -335361.82767525915,
      -298472.6392222549,
      -294529.6954115111,
      -404410.07015686936,
      -244787.86575465967
    ],
    "predictions": [
      1248.933735399091,
      1504.2020837748084,
      947.8466223137877,
      1124.6030378395094,
      1114.310715005439,
      1330.40695736736,
      1033.9116070925559,
      1072.00639780953,
      1248.933735399091,
      1392.7379872716372,
      1296.7886626777313,
      1060.4055781703137,
      1307.9264491562108,
      983.5156488167169,
      1086.7946043558456,
      1222.6568656994828,
      1375.2057117264883,
      713.8554843517742,
      1249.9604896129256,
      969.9422525304815,
      1114.33475013426,
      1082.2941727814734,
      1095.6181267448462,
      1148.874499170058,
      959.671440091735,
      1026.6818624094044,
      974.6271397191756,
      1308.0622582499404,
      1110.1132689282329,
      834.234936254842,
      953.2327107287937,
      1164.1821120229074,
      1195.7920768923912,
      1162.0154195402758,
      1496.5504263087219,
      1082.7456655024716,
      762.7951624892523,
      1015.8051927952786,
      1300.936198441702,
      1095.4685266120325,
      1060.3797079332105,
      1155.81517719167,
      1435.4452157544436,
      1205.3470556123657,
      1343.1303122899387,
      1047.1247777428152,
      1020.7534955361116,
      1044.9193085196973,
      719.5170638332634,
      1121.162802047981,
      1328.3054780119433,
      954.4364531983233,
      1303.153274064349,
      854.310971814777,
      1071.7411738780245,
      1102.3406275909635,
      1020.7534955361116,
      988.9642790031195,
      587.1906281948961,
      728.5480226277114,
      961.3330199178181
    ]
  },
  "XGBoost": {
    "best_params": {
      "regressor__learning_rate": 0.1,
      "regressor__max_depth": 6,
      "regressor__n_estimators": 100,
      "regressor__subsample": 1.0
    },
    "cv_rmse_mean": 407.42135574854376,
    "cv_rmse_std": 75.95129781072211,
    "test_rmse": 335.7572800689274,
    "test_mae": 225.41247851762617,
    "test_r2": 0.6365845585537505,
    "cv_scores": [
      -141388.92057012892,
      -154151.5165719928,
      -162057.3187362773,
      -299919.0732401798,
      -101286.97467699333
    ],
    "predictions": [
      995.6231079101562,
      1913.567138671875,
      1349.39404296875,
      1283.4586181640625,
      1362.4796142578125,
      1513.3817138671875,
      1664.2572021484375,
      1115.0867919921875,
      995.6231079101562,
      1369.435302734375,
      2138.67626953125,
      855.77197265625,
      1094.75390625,
      1033.2703857421875,
      1487.194091796875,
      1607.974365234375,
      1425.1407470703125,
      332.6941223144531,
      1190.1217041015625,
      726.6970825195312,
      1403.0057373046875,
      896.8372802734375,
      1074.51025390625,
      2201.99658203125,
      1093.4083251953125,
      958.5476684570312,
      1097.973388671875,
      1094.75390625,
      1250.79296875,
      988.7575073242188,
      1020.1937866210938,
      1487.0494384765625,
      1990.256103515625,
      1401.502197265625,
      1834.6925048828125,
      1073.869873046875,
      285.5335998535156,
      441.3688659667969,
      1589.643798828125,
      1183.221923828125,
      709.74658203125,
      956.5014038085938,
      1885.859375,
      1477.9398193359375,
      2149.23876953125,
      929.7300415039062,
      1241.256103515625,
      659.1837158203125,
      531.4993286132812,
      1077.621826171875,
      1457.972900390625,
      912.7723999023438,
      1561.7955322265625,
      635.5792236328125,
      1115.0867919921875,
      1025.595947265625,
      1241.256103515625,
      248.84805297851562,
      143.6144561767578,
      504.75433349609375,
      990.0711669921875
    ]
  },
  "Ensemble": {
    "best_params": "Voting ensemble of all models",
    "cv_rmse_mean": 427.2506004690963,
    "cv_rmse_std": 73.35733196474159,
    "test_rmse": 336.0572522377377,
    "test_mae": 249.24401942695397,
    "test_r2": 0.6359349034458314,
    "cv_scores": [
      -163533.22982350775,
      -184570.7538536636,
      -175051.84212498603,
      -308753.79669341835,
      -107712.24627536752
    ],